# Polinomios NASA de 9 coeficientes (McBride, Zehe & Gordon 2002, NASA/TP-2002-211556), de thermo.inp de NASA CEA (github.com/nasa/cea). Generado con scripts/extract_nasa9.py.
key,nasa_name,name,phase,C,H,O,N,S,Ar,M_g_per_mol,hf_J_per_mol,T_lo_K,T_hi_K,a1,a2,a3,a4,a5,a6,a7,b1,b2,ref
CO2,CO2,dióxido de carbono,g,1,0,2,0,0,0,44.009500,-393510.000,200.000,1000.000,4.943650540e+04,-6.264116010e+02,5.301725240e+00,2.503813816e-03,-2.127308728e-07,-7.689988780e-10,2.849677801e-13,-4.528198460e+04,-7.048279440e+00,g 9/99
CO2,CO2,dióxido de carbono,g,1,0,2,0,0,0,44.009500,-393510.000,1000.000,6000.000,1.176962419e+05,-1.788791477e+03,8.291523190e+00,-9.223156780e-05,4.863676880e-09,-1.891053312e-12,6.330036590e-16,-3.908350590e+04,-2.652669281e+01,g 9/99
CO,CO,monóxido de carbono,g,1,0,1,0,0,0,28.010100,-110535.196,200.000,1000.000,1.489045326e+04,-2.922285939e+02,5.724527170e+00,-8.176235030e-03,1.456903469e-05,-1.087746302e-08,3.027941827e-12,-1.303131878e+04,-7.859241350e+00,tpis79
CO,CO,monóxido de carbono,g,1,0,1,0,0,0,28.010100,-110535.196,1000.000,6000.000,4.619197250e+05,-1.944704863e+03,5.916714180e+00,-5.664282830e-04,1.398814540e-07,-1.787680361e-11,9.620935570e-16,-2.466261084e+03,-1.387413108e+01,tpis79
H2O,H2O,agua (vapor),g,0,2,1,0,0,0,18.015280,-241826.000,200.000,1000.000,-3.947960830e+04,5.755731020e+02,9.317826530e-01,7.222712860e-03,-7.342557370e-06,4.955043490e-09,-1.336933246e-12,-3.303974310e+04,1.724205775e+01,g 8/89
H2O,H2O,agua (vapor),g,0,2,1,0,0,0,18.015280,-241826.000,1000.000,6000.000,1.034972096e+06,-2.412698562e+03,4.646110780e+00,2.291998307e-03,-6.836830480e-07,9.426468930e-11,-4.822380530e-15,-1.384286509e+04,-7.978148510e+00,g 8/89
H2,H2,hidrógeno,g,0,2,0,0,0,0,2.015880,0.000,200.000,1000.000,4.078323210e+04,-8.009186040e+02,8.214702010e+00,-1.269714457e-02,1.753605076e-05,-1.202860270e-08,3.368093490e-12,2.682484665e+03,-3.043788844e+01,tpis78
H2,H2,hidrógeno,g,0,2,0,0,0,0,2.015880,0.000,1000.000,6000.000,5.608128010e+05,-8.371504740e+02,2.975364532e+00,1.252249124e-03,-3.740716190e-07,5.936625200e-11,-3.606994100e-15,5.339824410e+03,-2.202774769e+00,tpis78
O2,O2,oxígeno,g,0,0,2,0,0,0,31.998800,0.000,200.000,1000.000,-3.425563420e+04,4.847000970e+02,1.119010961e+00,4.293889240e-03,-6.836300520e-07,-2.023372700e-09,1.039040018e-12,-3.391454870e+03,1.849699470e+01,tpis89
O2,O2,oxígeno,g,0,0,2,0,0,0,31.998800,0.000,1000.000,6000.000,-1.037939022e+06,2.344830282e+03,1.819732036e+00,1.267847582e-03,-2.188067988e-07,2.053719572e-11,-8.193467050e-16,-1.689010929e+04,1.738716506e+01,tpis89
N2,N2,nitrógeno,g,0,0,0,2,0,0,28.013400,0.000,200.000,1000.000,2.210371497e+04,-3.818461820e+02,6.082738360e+00,-8.530914410e-03,1.384646189e-05,-9.625793620e-09,2.519705809e-12,7.108460860e+02,-1.076003744e+01,tpis78
N2,N2,nitrógeno,g,0,0,0,2,0,0,28.013400,0.000,1000.000,6000.000,5.877124060e+05,-2.239249073e+03,6.066949220e+00,-6.139685500e-04,1.491806679e-07,-1.923105485e-11,1.061954386e-15,1.283210415e+04,-1.586640027e+01,tpis78
Ar,Ar,argón,g,0,0,0,0,0,1,39.948000,0.000,200.000,1000.000,0.000000000e+00,0.000000000e+00,2.500000000e+00,0.000000000e+00,0.000000000e+00,0.000000000e+00,0.000000000e+00,-7.453750000e+02,4.379674910e+00,g 3/98
Ar,Ar,argón,g,0,0,0,0,0,1,39.948000,0.000,1000.000,6000.000,2.010538475e+01,-5.992661070e-02,2.500069401e+00,-3.992141160e-08,1.205272140e-11,-1.819015576e-15,1.078576636e-19,-7.449939610e+02,4.379180110e+00,g 3/98
OH,OH,radical hidroxilo,g,0,1,1,0,0,0,17.007340,37278.206,200.000,1000.000,-1.998858990e+03,9.300136160e+01,3.050854229e+00,1.529529288e-03,-3.157890998e-06,3.315446180e-09,-1.138762683e-12,2.991214235e+03,4.674110790e+00,g 4/02
OH,OH,radical hidroxilo,g,0,1,1,0,0,0,17.007340,37278.206,1000.000,6000.000,1.017393379e+06,-2.509957276e+03,5.116547860e+00,1.305299930e-04,-8.284322260e-08,2.006475941e-11,-1.556993656e-15,2.019640206e+04,-1.101282337e+01,g 4/02
H,H,hidrógeno atómico,g,0,1,0,0,0,0,1.007940,217998.828,200.000,1000.000,0.000000000e+00,0.000000000e+00,2.500000000e+00,0.000000000e+00,0.000000000e+00,0.000000000e+00,0.000000000e+00,2.547370801e+04,-4.466828530e-01,g 6/97
H,H,hidrógeno atómico,g,0,1,0,0,0,0,1.007940,217998.828,1000.000,6000.000,6.078774250e+01,-1.819354417e-01,2.500211817e+00,-1.226512864e-07,3.732876330e-11,-5.687744560e-15,3.410210197e-19,2.547486398e+04,-4.481917770e-01,g 6/97
O,O,oxígeno atómico,g,0,0,1,0,0,0,15.999400,249175.003,200.000,1000.000,-7.953611300e+03,1.607177787e+02,1.966226438e+00,1.013670310e-03,-1.110415423e-06,6.517507500e-10,-1.584779251e-13,2.840362437e+04,8.404241820e+00,g 5/97
O,O,oxígeno atómico,g,0,0,1,0,0,0,15.999400,249175.003,1000.000,6000.000,2.619020262e+05,-7.298722030e+02,3.317177270e+00,-4.281334360e-04,1.036104594e-07,-9.438304330e-12,2.725038297e-16,3.392428060e+04,-6.679585350e-01,g 5/97
NO,NO,óxido nítrico,g,0,0,1,1,0,0,30.006100,91271.310,200.000,1000.000,-1.143916503e+04,1.536467592e+02,3.431468730e+00,-2.668592368e-03,8.481399120e-06,-7.685111050e-09,2.386797655e-12,9.098214410e+03,6.728725490e+00,tpis89
NO,NO,óxido nítrico,g,0,0,1,1,0,0,30.006100,91271.310,1000.000,6000.000,2.239018716e+05,-1.289651623e+03,5.433936030e+00,-3.656034900e-04,9.880966450e-08,-1.416076856e-11,9.380184620e-16,1.750317656e+04,-8.501669090e+00,tpis89
N,N,nitrógeno atómico,g,0,0,0,1,0,0,14.006700,472680.000,200.000,1000.000,0.000000000e+00,0.000000000e+00,2.500000000e+00,0.000000000e+00,0.000000000e+00,0.000000000e+00,0.000000000e+00,5.610463780e+04,4.193905036e+00,g 5/97
N,N,nitrógeno atómico,g,0,0,0,1,0,0,14.006700,472680.000,1000.000,6000.000,8.876501380e+04,-1.071231500e+02,2.362188287e+00,2.916720081e-04,-1.729515100e-07,4.012657880e-11,-2.677227571e-15,5.697351330e+04,4.865231506e+00,g 5/97
SO2,SO2,dióxido de azufre,g,0,0,2,0,1,0,64.063800,-296810.000,300.000,1000.000,-5.310842140e+04,9.090311670e+02,-2.356891244e+00,2.204449885e-02,-2.510781471e-05,1.446300484e-08,-3.369070940e-12,-4.113752080e+04,4.045512519e+01,tpis89
SO2,SO2,dióxido de azufre,g,0,0,2,0,1,0,64.063800,-296810.000,1000.000,6000.000,-1.127640116e+05,-8.252261380e+02,7.616178630e+00,-1.999327610e-04,5.655631430e-08,-5.454316610e-12,2.918294102e-16,-3.351308690e+04,-1.655776085e+01,tpis89
CH4,CH4,metano,g,1,4,0,0,0,0,16.042460,-74600.000,200.000,1000.000,-1.766850998e+05,2.786181020e+03,-1.202577850e+01,3.917619290e-02,-3.619054430e-05,2.026853043e-08,-4.976705490e-12,-2.331314360e+04,8.904322750e+01,g 8/99
CH4,CH4,metano,g,1,4,0,0,0,0,16.042460,-74600.000,1000.000,6000.000,3.730042760e+06,-1.383501485e+04,2.049107091e+01,-1.961974759e-03,4.727313040e-07,-3.728814690e-11,1.623737207e-15,7.532066910e+04,-1.219124889e+02,g 8/99
C2H6,C2H6,etano,g,2,6,0,0,0,0,30.069040,-83851.544,300.000,1000.000,-1.862044161e+05,3.406191860e+03,-1.951705092e+01,7.565835590e-02,-8.204173220e-05,5.061135800e-08,-1.319281992e-11,-2.702932890e+04,1.298140496e+02,g 7/00
C2H6,C2H6,etano,g,2,6,0,0,0,0,30.069040,-83851.544,1000.000,6000.000,5.025782130e+06,-2.033022397e+04,3.322552930e+01,-3.836703410e-03,7.238405860e-07,-7.319182500e-11,3.065468699e-15,1.115963950e+05,-2.039410584e+02,g 7/00
C3H8,C3H8,propano,g,3,8,0,0,0,0,44.095620,-104680.000,300.000,1000.000,-2.433144337e+05,4.656270810e+03,-2.939466091e+01,1.188952745e-01,-1.376308269e-04,8.814823910e-08,-2.342987994e-11,-3.540335270e+04,1.841749277e+02,g 2/00
C3H8,C3H8,propano,g,3,8,0,0,0,0,44.095620,-104680.000,1000.000,6000.000,6.420731680e+06,-2.659791134e+04,4.534356840e+01,-5.020663920e-03,9.471216940e-07,-9.575405230e-11,4.009672880e-15,1.455582459e+05,-2.818374734e+02,g 2/00
n-C4H10,"C4H10,n-butane",n-butano,g,4,10,0,0,0,0,58.122200,-125790.000,300.000,1000.000,-3.175872540e+05,6.176331820e+03,-3.891562120e+01,1.584654284e-01,-1.860050159e-04,1.199676349e-07,-3.201670550e-11,-4.540363390e+04,2.379488665e+02,g12/00
n-C4H10,"C4H10,n-butane",n-butano,g,4,10,0,0,0,0,58.122200,-125790.000,1000.000,6000.000,7.682322450e+06,-3.256051510e+04,5.736732750e+01,-6.197916810e-03,1.180186048e-06,-1.221893698e-10,5.250635250e-15,1.774526560e+05,-3.587918760e+02,g12/00
i-C4H10,"C4H10,isobutane",isobutano,g,4,10,0,0,0,0,58.122200,-134990.000,300.000,1000.000,-3.834469330e+05,7.000039640e+03,-4.440026900e+01,1.746183447e-01,-2.078195348e-04,1.339792433e-07,-3.551681630e-11,-5.034018890e+04,2.658966497e+02,g 8/00
i-C4H10,"C4H10,isobutane",isobutano,g,4,10,0,0,0,0,58.122200,-134990.000,1000.000,6000.000,7.528018920e+06,-3.202517060e+04,5.700161000e+01,-6.060013090e-03,1.143975809e-06,-1.157061835e-10,4.846042910e-15,1.728500802e+05,-3.576176890e+02,g 8/00
n-C5H12,"C5H12,n-pentane",n-pentano,g,5,12,0,0,0,0,72.148780,-146760.000,300.000,1000.000,-2.768894625e+05,5.834283470e+03,-3.617541480e+01,1.533339707e-01,-1.528395882e-04,8.191092000e-08,-1.792327902e-11,-4.665375250e+04,2.265544053e+02,n10/85
n-C5H12,"C5H12,n-pentane",n-pentano,g,5,12,0,0,0,0,72.148780,-146760.000,1000.000,6000.000,-2.530779286e+06,-8.972593260e+03,4.536223260e+01,-2.626989916e-03,3.135136419e-06,-5.318728940e-10,2.886896868e-14,1.484616529e+04,-2.516550384e+02,n10/85
C2H4,C2H4,etileno,g,2,4,0,0,0,0,28.053160,52500.000,200.000,1000.000,-1.163605836e+05,2.554851510e+03,-1.609746428e+01,6.625779320e-02,-7.885081860e-05,5.125224820e-08,-1.370340031e-11,-6.176191070e+03,1.093338343e+02,g 1/00
C2H4,C2H4,etileno,g,2,4,0,0,0,0,28.053160,52500.000,1000.000,6000.000,3.408763670e+06,-1.374847903e+04,2.365898074e+01,-2.423804419e-03,4.431395660e-07,-4.352683390e-11,1.775410633e-15,8.820429380e+04,-1.371278108e+02,g 1/00
C2H2,"C2H2,acetylene",acetileno,g,2,2,0,0,0,0,26.037280,228200.000,300.000,1000.000,1.598112089e+05,-2.216644118e+03,1.265707813e+01,-7.979651080e-03,8.054992750e-06,-2.433307673e-09,-7.529233180e-14,3.712619060e+04,-5.244338900e+01,g 1/91
C2H2,"C2H2,acetylene",acetileno,g,2,2,0,0,0,0,26.037280,228200.000,1000.000,6000.000,1.713847410e+06,-5.929106660e+03,1.236127943e+01,1.314186993e-04,-1.362764431e-07,2.712655786e-11,-1.302066204e-15,6.266578970e+04,-5.818960590e+01,g 1/91
H2S,H2S,sulfuro de hidrógeno,g,0,2,0,0,1,0,34.080880,-20600.000,300.000,1000.000,9.543808810e+03,-6.875175080e+01,4.054921960e+00,-3.014557336e-04,3.768497750e-06,-2.239358925e-09,3.086859108e-13,-3.278457280e+03,1.415194691e+00,g 4/01
H2S,H2S,sulfuro de hidrógeno,g,0,2,0,0,1,0,34.080880,-20600.000,1000.000,6000.000,1.430040220e+06,-5.284028650e+03,1.016182124e+01,-9.703849960e-04,2.154003405e-07,-2.169695700e-11,9.318163070e-16,2.908696214e+04,-4.349160391e+01,g 4/01
NH3,NH3,amoníaco,g,0,3,0,1,0,0,17.030520,-45940.000,200.000,1000.000,-7.681226150e+04,1.270951578e+03,-3.893229130e+00,2.145988418e-02,-2.183766703e-05,1.317385706e-08,-3.332322060e-12,-1.264886413e+04,4.366014588e+01,tpis89
NH3,NH3,amoníaco,g,0,3,0,1,0,0,17.030520,-45940.000,1000.000,6000.000,2.452389535e+06,-8.040894240e+03,1.271346201e+01,-3.980186580e-04,3.552502750e-08,2.530923570e-12,-3.322700530e-16,4.386191960e+04,-6.462330602e+01,tpis89
CH3OH,CH3OH,metanol (vapor),g,1,4,1,0,0,0,32.041860,-200940.000,200.000,1000.000,-2.416642886e+05,4.032147190e+03,-2.046415436e+01,6.903698070e-02,-7.598932690e-05,4.598208360e-08,-1.158706744e-11,-4.433261170e+04,1.400142190e+02,g 7/00
CH3OH,CH3OH,metanol (vapor),g,1,4,1,0,0,0,32.041860,-200940.000,1000.000,6000.000,3.411570760e+06,-1.345500201e+04,2.261407623e+01,-2.141029179e-03,3.730050540e-07,-3.498846390e-11,1.366073444e-15,5.636081560e+04,-1.277814279e+02,g 7/00
C2H5OH,C2H5OH,etanol (vapor),g,2,6,1,0,0,0,46.068440,-234950.000,300.000,1000.000,-2.342791392e+05,4.479180550e+03,-2.744817302e+01,1.088679162e-01,-1.305309334e-04,8.437346400e-08,-2.234559017e-11,-5.022229000e+04,1.764829211e+02,g 8/88
C2H5OH,C2H5OH,etanol (vapor),g,2,6,1,0,0,0,46.068440,-234950.000,1000.000,6000.000,4.694817650e+06,-1.929798213e+04,3.447584040e+01,-3.236165980e-03,5.784947720e-07,-5.564600270e-11,2.226226400e-15,8.601622710e+04,-2.034801732e+02,g 8/88
C8H18,"C8H18,n-octane",n-octano (vapor),g,8,18,0,0,0,0,114.228520,-208750.000,300.000,1000.000,-6.986647150e+05,1.338501096e+04,-8.415165920e+01,3.271936660e-01,-3.777209590e-04,2.339836988e-07,-6.010892650e-11,-9.026223250e+04,4.939222140e+02,n 4/85
C8H18,"C8H18,n-octane",n-octano (vapor),g,8,18,0,0,0,0,114.228520,-208750.000,1000.000,6000.000,6.365406950e+06,-3.105364657e+04,6.969162340e+01,1.048059637e-02,-4.129621950e-06,5.543226320e-10,-2.651436499e-14,1.500968785e+05,-4.169895650e+02,n 4/85
C12H23,Jet-A(g),querosén Jet-A (vapor),g,12,23,0,0,0,0,167.311020,-249657.000,273.150,1000.000,-6.068695590e+05,8.328259590e+03,-4.312321270e+01,2.572390455e-01,-2.629316040e-04,1.644988940e-07,-4.645335140e-11,-7.606962760e+04,2.794305937e+02,g 8/01
C12H23,Jet-A(g),querosén Jet-A (vapor),g,12,23,0,0,0,0,167.311020,-249657.000,1000.000,6000.000,1.858356102e+07,-7.677219890e+04,1.419826133e+02,-7.437524530e-03,5.856202550e-07,1.223955647e-11,-3.149201922e-15,4.221989520e+05,-8.986061040e+02,g 8/01
H2O(l),H2O(L),agua líquida,l,0,2,1,0,0,0,18.015280,-285830.000,273.150,373.150,1.326371304e+09,-2.448295388e+07,1.879428776e+05,-7.678995050e+02,1.761556813e+00,-2.151167128e-03,1.092570813e-06,1.101760476e+08,-9.779700970e+05,g 8/01
H2O(l),H2O(L),agua líquida,l,0,2,1,0,0,0,18.015280,-285830.000,373.150,600.000,1.263631001e+09,-1.680380249e+07,9.278234790e+04,-2.722373950e+02,4.479243760e-01,-3.919397430e-04,1.425743266e-07,8.113176880e+07,-5.134418080e+05,g 8/01
CH3OH(l),CH3OH(L),metanol,l,1,4,1,0,0,0,32.041860,-238910.000,175.610,390.000,-1.302004763e+06,3.166984180e+04,-3.031242152e+02,1.602231130e+00,-4.594507340e-03,6.990178310e-06,-4.207388950e-09,-1.656168201e+05,1.514346642e+03,n12/84
C2H5OH(l),C2H5OH(L),etanol,l,2,6,1,0,0,0,46.068440,-277510.000,159.000,390.000,4.501115940e+05,-1.020828990e+04,1.014266780e+02,-3.874672610e-01,7.121392610e-04,-1.857071450e-07,-2.037622570e-10,7.448557900e+03,-5.044255520e+02,n12/84
C8H18(l),"C8H18(L),n-octa",n-octano,l,8,18,0,0,0,0,114.228520,-250260.000,216.370,400.000,-1.683314826e+07,3.532615080e+05,-2.967857531e+03,1.316703807e+01,-3.186822410e-02,4.075748010e-05,-2.153277285e-08,-1.588494258e+06,1.521639569e+04,n10/84
C12H23(l),Jet-A(L),querosén Jet-A,l,12,23,0,0,0,0,167.311020,-303403.000,220.000,550.000,-4.218262130e+05,-5.576600450e+03,1.522120958e+02,-8.610197550e-01,3.071662234e-03,-4.702789540e-06,2.743019833e-09,-3.238369150e+04,-6.781094910e+02,g 2/96
